,x_values,cascade_stop
0,2,0.1919191919191919
1,3,0.2125
2,4,0.19047619047619047
3,5,0.21568627450980393
4,6,0.05
5,7,0.23684210526315788
6,8,0.20689655172413793
7,9,0.13043478260869565
8,10,0.3
9,11,0.07142857142857142
10,12,0.23076923076923078
11,13,0.2
12,14,0.5
13,15,0.25
14,16,0.0
15,17,0.3333333333333333
16,18,0.0
17,19,0.0
18,20,1.0
