,x_values,cascade_stop
0,2,0.3
1,3,0.07142857142857142
2,4,0.15384615384615385
3,5,0.18181818181818182
4,6,0.1111111111111111
5,7,0.125
6,8,0.14285714285714285
7,9,0.16666666666666666
8,10,0.4
9,11,0.0
10,12,0.3333333333333333
11,13,0.0
12,14,0.5
13,15,1.0
