,x_values,cascade_stop
0,2,0.43333333333333335
1,3,0.38235294117647056
2,4,0.38095238095238093
3,5,0.3076923076923077
4,6,0.2222222222222222
5,7,0.5714285714285714
6,8,0.6666666666666666
7,9,0.0
8,10,0.0
9,11,1.0
