,x_values,cascade_stop
0,2,0.4533333333333333
1,3,0.36585365853658536
2,4,0.34615384615384615
3,5,0.35294117647058826
4,6,0.2727272727272727
5,7,0.5
6,8,0.75
7,9,0.0
8,10,0.0
9,11,1.0
