,x_values,cascade_stop
0,4,0.20202020202020202
1,5,0.20253164556962025
2,6,0.15873015873015872
3,7,0.20754716981132076
4,8,0.047619047619047616
5,9,0.275
6,10,0.20689655172413793
7,11,0.13043478260869565
8,12,0.3
9,13,0.07142857142857142
10,14,0.23076923076923078
11,15,0.2
12,16,0.5
13,17,0.25
14,18,0.3333333333333333
15,19,0.0
16,20,0.0
17,21,0.0
18,22,1.0
