,x_values,cascade_stop
0,2,0.37
1,3,0.3492063492063492
2,4,0.3902439024390244
3,5,0.4
4,6,0.26666666666666666
5,7,0.5454545454545454
6,8,0.6
7,9,0.0
8,10,0.0
9,11,0.5
10,12,0.0
11,13,0.0
12,14,0.0
13,15,0.0
14,16,1.0
